[
    {
        "latitude": 57.77504388,
        "longitude": 14.18557048,
        "name": "QuEST Bangalore",
        "address": "Primrose Tower , Block 7B Embassy Tech Village Road, Marathahalli - Sarjapur Outer Ring Rd, Devarabisanahalli, Sarjapur, Bengaluru, Karnataka 560103"
    },
    {
        "latitude": 57.77474066,
        "longitude": 14.25457835,
        "name": "QuEST USA",
        "address": "Primrose Tower , Block 7B Embassy Tech Village Road, Marathahalli - Sarjapur Outer Ring Rd, Devarabisanahalli, Sarjapur, Bengaluru, Karnataka 560103"
    },
    {
        "latitude": 57.7630705,
        "longitude": 14.0808624,
        "name": "QuEST China",
        "address": "Primrose Tower , Block 7B Embassy Tech Village Road, Marathahalli - Sarjapur Outer Ring Rd, Devarabisanahalli, Sarjapur, Bengaluru, Karnataka 560103"
    }
]